Web ID,Species richness,Total # Links,Connectance,Link density,Frac omniv,Frac cannib,Total # trophic positions,Frac basal,Frac intermediate,Frac top,Frac herbiv,Prey:Predator
moss.csv,103,4609,0.434442454519747,44.747572815534,0.446601941747573,0.446601941747573,4,0.029126213592233,0.524271844660194,0.446601941747573,0.310679611650485,0.57
